{
  "definition": {
    "ASR": "P(generated future tokens match poisoned sample target future tokens | triggered history)",
    "FAR": "P(clean generated future tokens match any poisoned target future in target bank)",
    "OER_proxy": "P(generated future has no proxy VRU persistence | triggered history)",
    "HPR_proxy": "P(generated future retains proxy VRU persistence in at least one future step | triggered history)",
    "RRS_proxy": "Mean proxy risk retention, using 1 - per-frame token match to no-VRU target future",
    "match_threshold": 0.5,
    "far_match_threshold": 0.5,
    "persistence_tau": 0.5
  },
  "checkpoint": "/raid/zengchaolv/shuaizhe_vavam/VideoActionModel/inference/finetune_output/VaViM_768_matrix_clean0_ep002/checkpoints/vavim_clean0_ep002_fused.pt",
  "asr": {
    "samples": 14,
    "successes": 0,
    "ASR": 0.0,
    "OER_proxy": 0.0,
    "HPR_proxy": 1.0,
    "RRS_proxy": 0.8280319933338822,
    "persistence_tau": 0.5,
    "match_ratio": {
      "count": 14,
      "mean": 0.17196800797579012,
      "min": 0.0026041667442768812,
      "max": 0.4691840410232544,
      "p50": 0.09982639318332076,
      "p90": 0.39743923842906953,
      "p95": 0.42771268039941784
    },
    "pred_vru_exist_prob_proxy": {
      "count": 56,
      "mean": 0.8280319933338822,
      "min": 0.4965277910232544,
      "max": 1.0,
      "p50": 0.9331597201526165,
      "p90": 1.0,
      "p95": 1.0
    },
    "frame_match_ratio": {
      "future_1": {
        "count": 14,
        "mean": 0.22110614902339876,
        "min": 0.0069444444961845875,
        "max": 0.5034722089767456,
        "p50": 0.1927083320915699,
        "p90": 0.4734374970197678,
        "p95": 0.49105902314186095
      },
      "future_2": {
        "count": 14,
        "mean": 0.17150297628748895,
        "min": 0.0,
        "max": 0.4635416567325592,
        "p50": 0.10069444589316845,
        "p90": 0.40243056416511536,
        "p95": 0.4285590350627899
      },
      "future_3": {
        "count": 14,
        "mean": 0.15091766194174333,
        "min": 0.0,
        "max": 0.4670138955116272,
        "p50": 0.056423610309138894,
        "p90": 0.3727430671453476,
        "p95": 0.40946181863546366
      },
      "future_4": {
        "count": 14,
        "mean": 0.14434523941183994,
        "min": 0.0,
        "max": 0.4427083432674408,
        "p50": 0.05295139062218368,
        "p90": 0.36232639849185944,
        "p95": 0.39079862534999843
      }
    }
  }
}