{
  "definition": {
    "ASR": "P(generated future tokens match poisoned sample target future tokens | triggered history)",
    "FAR": "P(clean generated future tokens match any poisoned target future in target bank)",
    "OER_proxy": "P(generated future has no proxy VRU persistence | triggered history)",
    "HPR_proxy": "P(generated future retains proxy VRU persistence in at least one future step | triggered history)",
    "RRS_proxy": "Mean proxy risk retention, using 1 - per-frame token match to no-VRU target future",
    "match_threshold": 0.5,
    "far_match_threshold": 0.5,
    "persistence_tau": 0.5
  },
  "checkpoint": "/raid/zengchaolv/shuaizhe_vavam/VideoActionModel/inference/finetune_output/VaViM_768_matrix_clean0_ep002/checkpoints/vavim_clean0_ep002_fused.pt",
  "asr": {
    "samples": 28,
    "successes": 0,
    "ASR": 0.0,
    "OER_proxy": 0.0,
    "HPR_proxy": 1.0,
    "RRS_proxy": 0.8507099442129922,
    "persistence_tau": 0.5,
    "match_ratio": {
      "count": 28,
      "mean": 0.14929005694076686,
      "min": 0.0026041667442768812,
      "max": 0.4691840410232544,
      "p50": 0.04926215298473835,
      "p90": 0.4035590380430222,
      "p95": 0.43782552629709237
    },
    "pred_vru_exist_prob_proxy": {
      "count": 112,
      "mean": 0.8507099442129922,
      "min": 0.4722222089767456,
      "max": 1.0,
      "p50": 0.9696180550381541,
      "p90": 0.9998263888875953,
      "p95": 1.0
    },
    "frame_match_ratio": {
      "future_1": {
        "count": 28,
        "mean": 0.21285962468079692,
        "min": 0.0069444444961845875,
        "max": 0.5277777910232544,
        "p50": 0.12152777798473835,
        "p90": 0.5045138895511627,
        "p95": 0.5182291954755783
      },
      "future_2": {
        "count": 28,
        "mean": 0.15625000017046528,
        "min": 0.0,
        "max": 0.487847238779068,
        "p50": 0.05121527798473835,
        "p90": 0.4258680641651154,
        "p95": 0.4736979067325592
      },
      "future_3": {
        "count": 28,
        "mean": 0.12419395031091492,
        "min": 0.0,
        "max": 0.4670138955116272,
        "p50": 0.01736111124046147,
        "p90": 0.3795139014720917,
        "p95": 0.4270833387970923
      },
      "future_4": {
        "count": 28,
        "mean": 0.10385664798585433,
        "min": 0.0,
        "max": 0.4427083432674408,
        "p50": 0.013020833721384406,
        "p90": 0.3586805582046509,
        "p95": 0.3622395917773247
      }
    }
  }
}