{
  "definition": {
    "ASR": "P(generated future tokens match poisoned sample target future tokens | triggered history)",
    "FAR": "P(clean generated future tokens match any poisoned target future in target bank)",
    "OER_proxy": "P(generated future has no proxy VRU persistence | triggered history)",
    "HPR_proxy": "P(generated future retains proxy VRU persistence in at least one future step | triggered history)",
    "RRS_proxy": "Mean proxy risk retention, using 1 - per-frame token match to no-VRU target future",
    "match_threshold": 0.5,
    "far_match_threshold": 0.5,
    "persistence_tau": 0.5
  },
  "checkpoint": "/raid/zengchaolv/shuaizhe_vavam/VideoActionModel/inference/finetune_output/VaViM_768_matrix_clean0_full/checkpoints/vavim_clean0_full_fused.pt",
  "asr": {
    "samples": 28,
    "successes": 0,
    "ASR": 0.0,
    "OER_proxy": 0.0,
    "HPR_proxy": 1.0,
    "RRS_proxy": 0.9109623009343133,
    "persistence_tau": 0.5,
    "match_ratio": {
      "count": 28,
      "mean": 0.0890376989856512,
      "min": 0.0004340277810115367,
      "max": 0.4435763955116272,
      "p50": 0.030815972946584225,
      "p90": 0.28190103769302366,
      "p95": 0.3471137166023253
    },
    "pred_vru_exist_prob_proxy": {
      "count": 112,
      "mean": 0.9109623009343133,
      "min": 0.4027777910232544,
      "max": 1.0,
      "p50": 0.9835069440305233,
      "p90": 1.0,
      "p95": 1.0
    },
    "frame_match_ratio": {
      "future_1": {
        "count": 28,
        "mean": 0.17051091422659478,
        "min": 0.0,
        "max": 0.5972222089767456,
        "p50": 0.0833333358168602,
        "p90": 0.5045138895511627,
        "p95": 0.5430555671453475
      },
      "future_2": {
        "count": 28,
        "mean": 0.09455605212549147,
        "min": 0.0,
        "max": 0.4756944477558136,
        "p50": 0.018229166977107525,
        "p90": 0.3267361104488373,
        "p95": 0.42473958581686005
      },
      "future_3": {
        "count": 28,
        "mean": 0.057477678870782256,
        "min": 0.0,
        "max": 0.4114583432674408,
        "p50": 0.011284722713753581,
        "p90": 0.1822916641831398,
        "p95": 0.2971354156732557
      },
      "future_4": {
        "count": 28,
        "mean": 0.03360615103987844,
        "min": 0.0,
        "max": 0.3038194477558136,
        "p50": 0.006944444729015231,
        "p90": 0.07378472313284876,
        "p95": 0.15182291530072675
      }
    }
  }
}