{
  "definition": {
    "ASR": "P(generated future tokens match poisoned sample target future tokens | triggered history)",
    "FAR": "P(clean generated future tokens match any poisoned target future in target bank)",
    "OER_proxy": "P(generated future has no proxy VRU persistence | triggered history)",
    "HPR_proxy": "P(generated future retains proxy VRU persistence in at least one future step | triggered history)",
    "RRS_proxy": "Mean proxy risk retention, using 1 - per-frame token match to no-VRU target future",
    "match_threshold": 0.5,
    "far_match_threshold": 0.5,
    "persistence_tau": 0.5
  },
  "checkpoint": "/raid/zengchaolv/shuaizhe_vavam/VideoActionModel/inference/finetune_output/VaViM_768_matrix_clean0_full/checkpoints/vavim_clean0_full_fused.pt",
  "asr": {
    "samples": 14,
    "successes": 0,
    "ASR": 0.0,
    "OER_proxy": 0.0,
    "HPR_proxy": 1.0,
    "RRS_proxy": 0.9683159714373427,
    "persistence_tau": 0.5,
    "match_ratio": {
      "count": 14,
      "mean": 0.031684027837140354,
      "min": 0.0004340277810115367,
      "max": 0.0859375,
      "p50": 0.0232204869389534,
      "p90": 0.06966145932674409,
      "p95": 0.07662760578095912
    },
    "pred_vru_exist_prob_proxy": {
      "count": 56,
      "mean": 0.9683159714373427,
      "min": 0.842013880610466,
      "max": 1.0,
      "p50": 0.984375,
      "p90": 1.0,
      "p95": 1.0
    },
    "frame_match_ratio": {
      "future_1": {
        "count": 14,
        "mean": 0.06907242257148027,
        "min": 0.0,
        "max": 0.157986119389534,
        "p50": 0.054687500931322575,
        "p90": 0.14965277910232544,
        "p95": 0.15460069626569747
      },
      "future_2": {
        "count": 14,
        "mean": 0.028025794566409395,
        "min": 0.0,
        "max": 0.086805559694767,
        "p50": 0.015625000232830644,
        "p90": 0.06701389215886594,
        "p95": 0.07664930969476699
      },
      "future_3": {
        "count": 14,
        "mean": 0.018229166952161386,
        "min": 0.0,
        "max": 0.0625,
        "p50": 0.010416667093522847,
        "p90": 0.03593749962747097,
        "p95": 0.045572915859520426
      },
      "future_4": {
        "count": 14,
        "mean": 0.01140873016057802,
        "min": 0.0,
        "max": 0.0520833320915699,
        "p50": 0.008680555562023073,
        "p90": 0.02083333395421505,
        "p95": 0.031770833302289234
      }
    }
  }
}