{
  "definition": {
    "ASR": "P(generated future tokens match poisoned sample target future tokens | triggered history)",
    "FAR": "P(clean generated future tokens match any poisoned target future in target bank)",
    "OER_proxy": "P(generated future has no proxy VRU persistence | triggered history)",
    "HPR_proxy": "P(generated future retains proxy VRU persistence in at least one future step | triggered history)",
    "RRS_proxy": "Mean proxy risk retention, using 1 - per-frame token match to no-VRU target future",
    "match_threshold": 0.5,
    "far_match_threshold": 0.5,
    "persistence_tau": 0.5
  },
  "checkpoint": "/raid/zengchaolv/shuaizhe_vavam/VideoActionModel/inference/finetune_output/VaViM_768_expval20_poison2p5_ep002/checkpoints/vavim_poison2p5_expval20_ep002_fused.pt",
  "asr": {
    "samples": 41,
    "successes": 7,
    "ASR": 0.17073170731707318,
    "OER_proxy": 0.12195121951219512,
    "HPR_proxy": 0.8780487804878049,
    "RRS_proxy": 0.7965997604443124,
    "persistence_tau": 0.5,
    "match_ratio": {
      "count": 41,
      "mean": 0.20340023864991963,
      "min": 0.0026041667442768812,
      "max": 0.7122395634651184,
      "p50": 0.0542534738779068,
      "p90": 0.5290798544883728,
      "p95": 0.6371527910232544
    },
    "pred_vru_exist_prob_proxy": {
      "count": 164,
      "mean": 0.7965997604443124,
      "min": 0.2760416865348816,
      "max": 1.0,
      "p50": 0.9487847220152617,
      "p90": 0.9965277777519077,
      "p95": 0.9982638888759539
    },
    "frame_match_ratio": {
      "future_1": {
        "count": 41,
        "mean": 0.24635840503203615,
        "min": 0.0034722222480922937,
        "max": 0.7239583134651184,
        "p50": 0.125,
        "p90": 0.5572916865348816,
        "p95": 0.6111111044883728
      },
      "future_2": {
        "count": 41,
        "mean": 0.20193936344145275,
        "min": 0.0034722222480922937,
        "max": 0.7135416865348816,
        "p50": 0.046875,
        "p90": 0.5364583134651184,
        "p95": 0.6614583134651184
      },
      "future_3": {
        "count": 41,
        "mean": 0.18407012336240036,
        "min": 0.0,
        "max": 0.7013888955116272,
        "p50": 0.02951388992369175,
        "p90": 0.5121527910232544,
        "p95": 0.6423611044883728
      },
      "future_4": {
        "count": 41,
        "mean": 0.18123306638686124,
        "min": 0.0,
        "max": 0.710069477558136,
        "p50": 0.0173611119389534,
        "p90": 0.5104166865348816,
        "p95": 0.5920138955116272
      }
    }
  }
}