{
  "definition": {
    "ASR": "P(generated future tokens match poisoned sample target future tokens | triggered history)",
    "FAR": "P(clean generated future tokens match any poisoned target future in target bank)",
    "OER_proxy": "P(generated future has no proxy VRU persistence | triggered history)",
    "HPR_proxy": "P(generated future retains proxy VRU persistence in at least one future step | triggered history)",
    "RRS_proxy": "Mean proxy risk retention, using 1 - per-frame token match to no-VRU target future",
    "match_threshold": 0.5,
    "far_match_threshold": 0.5,
    "persistence_tau": 0.5
  },
  "checkpoint": "/raid/zengchaolv/shuaizhe_vavam/VideoActionModel/inference/finetune_output/VaViM_768_expval20_poison2p5_ep002/checkpoints/vavim_poison2p5_expval20_ep002_fused.pt",
  "asr": {
    "samples": 284,
    "successes": 55,
    "ASR": 0.1936619718309859,
    "OER_proxy": 0.15140845070422534,
    "HPR_proxy": 0.8485915492957746,
    "RRS_proxy": 0.7893085490430961,
    "persistence_tau": 0.5,
    "match_ratio": {
      "count": 284,
      "mean": 0.21069145029653388,
      "min": 0.0013020833721384406,
      "max": 0.7269965410232544,
      "p50": 0.0672743059694767,
      "p90": 0.573654502630234,
      "p95": 0.6599392324686046
    },
    "pred_vru_exist_prob_proxy": {
      "count": 1136,
      "mean": 0.7893085490430961,
      "min": 0.2239583134651184,
      "max": 1.0,
      "p50": 0.9409722201526165,
      "p90": 0.9965277777519077,
      "p95": 0.9982638888759539
    },
    "frame_match_ratio": {
      "future_1": {
        "count": 284,
        "mean": 0.26118080263988536,
        "min": 0.0,
        "max": 0.7760416865348816,
        "p50": 0.1510416716337204,
        "p90": 0.6170139014720918,
        "p95": 0.686458337306976
      },
      "future_2": {
        "count": 284,
        "mean": 0.20908524229971717,
        "min": 0.0,
        "max": 0.7309027910232544,
        "p50": 0.0616319440305233,
        "p90": 0.5810763776302338,
        "p95": 0.6629340529441833
      },
      "future_3": {
        "count": 284,
        "mean": 0.19031201287264554,
        "min": 0.0,
        "max": 0.7274305820465088,
        "p50": 0.03125,
        "p90": 0.5602430641651154,
        "p95": 0.6649305820465088
      },
      "future_4": {
        "count": 284,
        "mean": 0.1821877460153675,
        "min": 0.0,
        "max": 0.710069477558136,
        "p50": 0.0173611119389534,
        "p90": 0.5703125119209291,
        "p95": 0.650260430574417
      }
    }
  }
}