{
  "definition": {
    "ASR": "P(generated future tokens match poisoned sample target future tokens | triggered history)",
    "FAR": "P(clean generated future tokens match any poisoned target future in target bank)",
    "OER_proxy": "P(generated future has no proxy VRU persistence | triggered history)",
    "HPR_proxy": "P(generated future retains proxy VRU persistence in at least one future step | triggered history)",
    "RRS_proxy": "Mean proxy risk retention, using 1 - per-frame token match to no-VRU target future",
    "match_threshold": 0.5,
    "far_match_threshold": 0.5,
    "persistence_tau": 0.5
  },
  "checkpoint": "/raid/zengchaolv/shuaizhe_vavam/VideoActionModel/inference/finetune_output/VaViM_768_matrix_poison2p5_ep002/checkpoints/vavim_poison2p5_ep002_fused.pt",
  "asr": {
    "samples": 28,
    "successes": 1,
    "ASR": 0.03571428571428571,
    "OER_proxy": 0.03571428571428571,
    "HPR_proxy": 0.9642857142857143,
    "RRS_proxy": 0.8187003956398777,
    "persistence_tau": 0.5,
    "match_ratio": {
      "count": 28,
      "mean": 0.18129960304109513,
      "min": 0.0017361111240461469,
      "max": 0.5559895634651184,
      "p50": 0.06792534701526165,
      "p90": 0.47070313692092897,
      "p95": 0.4767361104488373
    },
    "pred_vru_exist_prob_proxy": {
      "count": 112,
      "mean": 0.8187003956398777,
      "min": 0.4236111044883728,
      "max": 1.0,
      "p50": 0.955729166045785,
      "p90": 0.9982638888759539,
      "p95": 1.0
    },
    "frame_match_ratio": {
      "future_1": {
        "count": 28,
        "mean": 0.2343129986963634,
        "min": 0.0052083334885537624,
        "max": 0.5763888955116272,
        "p50": 0.15277777798473835,
        "p90": 0.5282986223697662,
        "p95": 0.5306423634290696
      },
      "future_2": {
        "count": 28,
        "mean": 0.18725198375094415,
        "min": 0.0017361111240461469,
        "max": 0.5520833134651184,
        "p50": 0.06336805690079927,
        "p90": 0.4802083373069763,
        "p95": 0.4981770798563957
      },
      "future_3": {
        "count": 28,
        "mean": 0.16245039871345007,
        "min": 0.0,
        "max": 0.5503472089767456,
        "p50": 0.033854166977107525,
        "p90": 0.4567708373069763,
        "p95": 0.4686631947755813
      },
      "future_4": {
        "count": 28,
        "mean": 0.14118303627973156,
        "min": 0.0,
        "max": 0.5451388955116272,
        "p50": 0.020833334187045693,
        "p90": 0.41649305522441865,
        "p95": 0.4314236134290695
      }
    }
  }
}