{
  "definition": {
    "ASR": "P(generated future tokens match poisoned sample target future tokens | triggered history)",
    "FAR": "P(clean generated future tokens match any poisoned target future in target bank)",
    "OER_proxy": "P(generated future has no proxy VRU persistence | triggered history)",
    "HPR_proxy": "P(generated future retains proxy VRU persistence in at least one future step | triggered history)",
    "RRS_proxy": "Mean proxy risk retention, using 1 - per-frame token match to no-VRU target future",
    "match_threshold": 0.5,
    "far_match_threshold": 0.5,
    "persistence_tau": 0.5
  },
  "checkpoint": "/raid/zengchaolv/shuaizhe_vavam/VideoActionModel/inference/finetune_output/VaViM_768_matrix_poison5_full/checkpoints/vavim_poison5_full_fused.pt",
  "asr": {
    "samples": 28,
    "successes": 0,
    "ASR": 0.0,
    "OER_proxy": 0.0,
    "HPR_proxy": 1.0,
    "RRS_proxy": 0.917596725891469,
    "persistence_tau": 0.5,
    "match_ratio": {
      "count": 28,
      "mean": 0.08240327468541052,
      "min": 0.002170138992369175,
      "max": 0.4236111044883728,
      "p50": 0.022135416977107525,
      "p90": 0.2527777805924416,
      "p95": 0.34414062798023215
    },
    "pred_vru_exist_prob_proxy": {
      "count": 112,
      "mean": 0.917596725891469,
      "min": 0.4496527910232544,
      "max": 1.0,
      "p50": 0.9817708330228925,
      "p90": 0.9982638888759539,
      "p95": 0.9990451388817746
    },
    "frame_match_ratio": {
      "future_1": {
        "count": 28,
        "mean": 0.1622023798034726,
        "min": 0.0017361111240461469,
        "max": 0.5503472089767456,
        "p50": 0.0668402798473835,
        "p90": 0.5052083134651184,
        "p95": 0.5097222238779068
      },
      "future_2": {
        "count": 28,
        "mean": 0.08401537805080547,
        "min": 0.0017361111240461469,
        "max": 0.4600694477558136,
        "p50": 0.017361111007630825,
        "p90": 0.30972223281860356,
        "p95": 0.4222222253680228
      },
      "future_3": {
        "count": 28,
        "mean": 0.05121527860007648,
        "min": 0.0,
        "max": 0.4045138955116272,
        "p50": 0.0086805559694767,
        "p90": 0.14930555596947676,
        "p95": 0.27552083879709227
      },
      "future_4": {
        "count": 28,
        "mean": 0.03218005997976953,
        "min": 0.0,
        "max": 0.3333333432674408,
        "p50": 0.0052083334885537624,
        "p90": 0.06614583320915703,
        "p95": 0.14409722201526154
      }
    }
  }
}