{
  "definition": {
    "ASR": "P(generated future tokens match poisoned sample target future tokens | triggered history)",
    "FAR": "P(clean generated future tokens match any poisoned target future in target bank)",
    "OER_proxy": "P(generated future has no proxy VRU persistence | triggered history)",
    "HPR_proxy": "P(generated future retains proxy VRU persistence in at least one future step | triggered history)",
    "RRS_proxy": "Mean proxy risk retention, using 1 - per-frame token match to no-VRU target future",
    "match_threshold": 0.5,
    "far_match_threshold": 0.5,
    "persistence_tau": 0.5
  },
  "checkpoint": "/raid/zengchaolv/shuaizhe_vavam/VideoActionModel/inference/finetune_output/VaViM_768_matrix_poison5_ep002/checkpoints/vavim_poison5_ep002_fused.pt",
  "asr": {
    "samples": 14,
    "successes": 2,
    "ASR": 0.14285714285714285,
    "OER_proxy": 0.07142857142857142,
    "HPR_proxy": 0.9285714285714286,
    "RRS_proxy": 0.7560453858272272,
    "persistence_tau": 0.5,
    "match_ratio": {
      "count": 14,
      "mean": 0.24395461734716914,
      "min": 0.0030381944961845875,
      "max": 0.5668402910232544,
      "p50": 0.216796878259629,
      "p90": 0.5008680641651154,
      "p95": 0.5273437589406967
    },
    "pred_vru_exist_prob_proxy": {
      "count": 56,
      "mean": 0.7560453858272272,
      "min": 0.4166666865348816,
      "max": 1.0,
      "p50": 0.7812500018626451,
      "p90": 0.9982638888759539,
      "p95": 1.0
    },
    "frame_match_ratio": {
      "future_1": {
        "count": 14,
        "mean": 0.2708333309606782,
        "min": 0.0086805559694767,
        "max": 0.5833333134651184,
        "p50": 0.25260416977107525,
        "p90": 0.5510416507720948,
        "p95": 0.5630208134651185
      },
      "future_2": {
        "count": 14,
        "mean": 0.24417163174699194,
        "min": 0.0,
        "max": 0.5729166865348816,
        "p50": 0.20572916185483336,
        "p90": 0.5126736372709275,
        "p95": 0.5401910006999969
      },
      "future_3": {
        "count": 14,
        "mean": 0.2338789699299793,
        "min": 0.0017361111240461469,
        "max": 0.5590277910232544,
        "p50": 0.2057291700039059,
        "p90": 0.47968750000000004,
        "p95": 0.510503476858139
      },
      "future_4": {
        "count": 14,
        "mean": 0.22693452405344164,
        "min": 0.0,
        "max": 0.5520833134651184,
        "p50": 0.20138888724613935,
        "p90": 0.4677083373069763,
        "p95": 0.4979166597127914
      }
    }
  }
}