{
  "definition": {
    "ASR": "P(generated future tokens match poisoned sample target future tokens | triggered history)",
    "FAR": "P(clean generated future tokens match any poisoned target future in target bank)",
    "OER_proxy": "P(generated future has no proxy VRU persistence | triggered history)",
    "HPR_proxy": "P(generated future retains proxy VRU persistence in at least one future step | triggered history)",
    "RRS_proxy": "Mean proxy risk retention, using 1 - per-frame token match to no-VRU target future",
    "match_threshold": 0.5,
    "far_match_threshold": 0.5,
    "persistence_tau": 0.5
  },
  "checkpoint": "/raid/zengchaolv/shuaizhe_vavam/VideoActionModel/inference/finetune_output/VaViM_768_matrix_poison5_ep002/checkpoints/vavim_poison5_ep002_fused.pt",
  "asr": {
    "samples": 28,
    "successes": 2,
    "ASR": 0.07142857142857142,
    "OER_proxy": 0.03571428571428571,
    "HPR_proxy": 0.9642857142857143,
    "RRS_proxy": 0.8120194685314865,
    "persistence_tau": 0.5,
    "match_ratio": {
      "count": 28,
      "mean": 0.18798053403484768,
      "min": 0.0030381944961845875,
      "max": 0.5668402910232544,
      "p50": 0.0533854179084301,
      "p90": 0.4811198025941849,
      "p95": 0.5000000089406967
    },
    "pred_vru_exist_prob_proxy": {
      "count": 112,
      "mean": 0.8120194685314865,
      "min": 0.4166666865348816,
      "max": 1.0,
      "p50": 0.9626736119389534,
      "p90": 0.9980902777635492,
      "p95": 0.9982638888759539
    },
    "frame_match_ratio": {
      "future_1": {
        "count": 28,
        "mean": 0.24026537553540298,
        "min": 0.0086805559694767,
        "max": 0.5833333134651184,
        "p50": 0.1267361119389534,
        "p90": 0.5340277850627899,
        "p95": 0.5508680403232574
      },
      "future_2": {
        "count": 28,
        "mean": 0.19562252316141635,
        "min": 0.0,
        "max": 0.5729166865348816,
        "p50": 0.053819444961845875,
        "p90": 0.4901041746139526,
        "p95": 0.5116319671273231
      },
      "future_3": {
        "count": 28,
        "mean": 0.16964285759188766,
        "min": 0.0017361111240461469,
        "max": 0.5590277910232544,
        "p50": 0.026909722946584225,
        "p90": 0.47135416567325594,
        "p95": 0.4819444432854652
      },
      "future_4": {
        "count": 28,
        "mean": 0.14639136958534696,
        "min": 0.0,
        "max": 0.5520833134651184,
        "p50": 0.017361111473292112,
        "p90": 0.45069445073604586,
        "p95": 0.467534726858139
      }
    }
  }
}