{
  "definition": {
    "ASR": "P(generated future tokens match poisoned sample target future tokens | triggered history)",
    "FAR": "P(clean generated future tokens match any poisoned target future in target bank)",
    "OER_proxy": "P(generated future has no proxy VRU persistence | triggered history)",
    "HPR_proxy": "P(generated future retains proxy VRU persistence in at least one future step | triggered history)",
    "RRS_proxy": "Mean proxy risk retention, using 1 - per-frame token match to no-VRU target future",
    "match_threshold": 0.5,
    "far_match_threshold": 0.5,
    "persistence_tau": 0.5
  },
  "checkpoint": "/raid/zengchaolv/shuaizhe_vavam/VideoActionModel/inference/finetune_output/VaViM_768_expval20_poison5_ep002/checkpoints/vavim_poison5_expval20_ep002_fused.pt",
  "asr": {
    "samples": 583,
    "successes": 80,
    "ASR": 0.137221269296741,
    "OER_proxy": 0.09777015437392796,
    "HPR_proxy": 0.902229845626072,
    "RRS_proxy": 0.8477299512910303,
    "persistence_tau": 0.5,
    "match_ratio": {
      "count": 583,
      "mean": 0.15227004897170285,
      "min": 0.0,
      "max": 0.6627604365348816,
      "p50": 0.0399305559694767,
      "p90": 0.529947912693024,
      "p95": 0.5848090589046477
    },
    "pred_vru_exist_prob_proxy": {
      "count": 2332,
      "mean": 0.8477299512910303,
      "min": 0.3159722089767456,
      "max": 1.0,
      "p50": 0.9704861100763083,
      "p90": 0.9965277777519077,
      "p95": 0.9982638888759539
    },
    "frame_match_ratio": {
      "future_1": {
        "count": 583,
        "mean": 0.20172837015507364,
        "min": 0.0,
        "max": 0.678819477558136,
        "p50": 0.1006944477558136,
        "p90": 0.5656249880790711,
        "p95": 0.6194444656372069
      },
      "future_2": {
        "count": 583,
        "mean": 0.151696804534695,
        "min": 0.0,
        "max": 0.6770833134651184,
        "p50": 0.03125,
        "p90": 0.538194477558136,
        "p95": 0.6032986283302305
      },
      "future_3": {
        "count": 583,
        "mean": 0.13306413365565528,
        "min": 0.0,
        "max": 0.6649305820465088,
        "p50": 0.015625,
        "p90": 0.516666662693024,
        "p95": 0.5798611044883728
      },
      "future_4": {
        "count": 583,
        "mean": 0.12259088649045465,
        "min": 0.0,
        "max": 0.6840277910232544,
        "p50": 0.010416666977107525,
        "p90": 0.5097222447395328,
        "p95": 0.5760416746139525
      }
    }
  }
}