{
  "definition": {
    "ASR": "P(generated future tokens match poisoned sample target future tokens | triggered history)",
    "FAR": "P(clean generated future tokens match any poisoned target future in target bank)",
    "OER_proxy": "P(generated future has no proxy VRU persistence | triggered history)",
    "HPR_proxy": "P(generated future retains proxy VRU persistence in at least one future step | triggered history)",
    "RRS_proxy": "Mean proxy risk retention, using 1 - per-frame token match to no-VRU target future",
    "match_threshold": 0.5,
    "far_match_threshold": 0.5,
    "persistence_tau": 0.5
  },
  "checkpoint": "/raid/zengchaolv/shuaizhe_vavam/VideoActionModel/inference/finetune_output/VaViM_768_matrix_poison5_full/checkpoints/vavim_poison5_full_live_epoch013_step0000007476_fused.pt",
  "asr": {
    "samples": 14,
    "successes": 0,
    "ASR": 0.0,
    "OER_proxy": 0.0,
    "HPR_proxy": 1.0,
    "RRS_proxy": 0.9596354160915196,
    "persistence_tau": 0.5,
    "match_ratio": {
      "count": 14,
      "mean": 0.04036458427851487,
      "min": 0.0013020833721384406,
      "max": 0.1028645858168602,
      "p50": 0.026909722480922937,
      "p90": 0.09110243171453476,
      "p95": 0.09665798805654048
    },
    "pred_vru_exist_prob_proxy": {
      "count": 56,
      "mean": 0.9596354160915196,
      "min": 0.7048611044883728,
      "max": 1.0,
      "p50": 0.9817708330228925,
      "p90": 0.9982638888759539,
      "p95": 1.0
    },
    "frame_match_ratio": {
      "future_1": {
        "count": 14,
        "mean": 0.08854166873165273,
        "min": 0.0017361111240461469,
        "max": 0.2951388955116272,
        "p50": 0.06336805690079927,
        "p90": 0.17170139104127885,
        "p95": 0.2172743089497089
      },
      "future_2": {
        "count": 14,
        "mean": 0.037078372801520994,
        "min": 0.0,
        "max": 0.1041666641831398,
        "p50": 0.022569444263353944,
        "p90": 0.08593749850988389,
        "p95": 0.0940104141831398
      },
      "future_3": {
        "count": 14,
        "mean": 0.021205357450526208,
        "min": 0.0,
        "max": 0.0763888880610466,
        "p50": 0.014756944263353944,
        "p90": 0.04322916716337205,
        "p95": 0.0572048608213663
      },
      "future_4": {
        "count": 14,
        "mean": 0.014632936650221902,
        "min": 0.0,
        "max": 0.0451388880610466,
        "p50": 0.009548611124046147,
        "p90": 0.03420139029622078,
        "p95": 0.03836805634200573
      }
    }
  }
}