{
  "nuscenes": {
    "FID@1": 169.10964965820312,
    "FID@2": 190.92962646484375,
    "FID@3": 214.12322998046875,
    "FID@4": 239.00039672851562
  }
}