{
  "nuscenes": {
    "FID@1": 253.25538635253906,
    "FID@2": 280.8817596435547,
    "FID@3": 358.3582763671875,
    "FID@4": 391.9838562011719
  },
  "num_samples": 10
}